{
    "curStop": 5,
    "busList": {
        "1": {
            "name": "Shahaf",
            "lastStop": 1
        },
        "2": {
            "name": "Gilbert",
            "lastStop": 6
        },
        "3": {
            "name": "Franklin",
            "lastStop": 6
        }
    },
    "inList": [
        {
            "name": "Joseph",
            "lastStop": 4
        },
        {
            "name": "Jeffrey",
            "lastStop": 5
        },
        {
            "name": "Oliver",
            "lastStop": 4
        }
    ],
    "outList": {
        "0": {
            "name": "Jonas",
            "lastStop": 5
        },
        "4": {
            "name": "Reginald",
            "lastStop": 5
        },
        "5": {
            "name": "Jack",
            "lastStop": 5
        },
        "6": {
            "name": "Justin",
            "lastStop": 5
        }
    }
}